<?xml version="1.0" encoding="UTF-8"?>
<beans xmlns="http://www.springframework.org/schema/beans"
	xmlns:xsi="http://www.w3.org/2001/XMLSchema-instance" xmlns:context="http://www.springframework.org/schema/context"
	xmlns:tx="http://www.springframework.org/schema/tx" xmlns:jdbc="http://www.springframework.org/schema/jdbc"
	xsi:schemaLocation="
		http://www.springframework.org/schema/jdbc http://www.springframework.org/schema/jdbc/spring-jdbc-3.0.xsd
		http://www.springframework.org/schema/beans http://www.springframework.org/schema/beans/spring-beans-3.0.xsd
		http://www.springframework.org/schema/tx http://www.springframework.org/schema/tx/spring-tx-3.0.xsd
		http://www.springframework.org/schema/context http://www.springframework.org/schema/context/spring-context-3.0.xsd">


	<!-- <jdbc:embedded-database id="dataSource" type="H2"/> --> 
	
	<bean id="dataSource" class="org.apache.commons.dbcp.BasicDataSource">
		<property name="driverClassName" value="com.mysql.cj.jdbc.Driver"></property>
		<property name="url" value="jdbc:mysql://localhost:3306/test"></property>
		<property name="username" value="root"></property>
		<property name="password" value="root"></property>
		<property name="initialSize" value="5"></property>		
	</bean>
	
	
	<tx:annotation-driven transaction-manager="transactionManager" />

	<context:component-scan base-package="com.mtc.app" />

</beans>
